sequence_heavy,sequence_light
QAYLQQSGAELVKPGASVKMSCKASDYTFTNYNMHWIKQTPGQGLEWIGAIYPGNGDTSYNQKFKGKATLTADKSSSTAYMQLSSLTSEDSAVYYCASLGSSYFDYWGQGTTLTVSS,
EFQLQQSGPELVKPGASVRMSCKASGYTFASYVMHWVRQNPGQGLEWIGYINPYNDDTKFNEKFKGKATLTSDKSSSTAYMELSSLTSEDSAVYYCARWFQYGNYVDYWGQGTTLTVSS,
EFQLQQSGPELVKPGTSVKMSCKASGYTFSDYVLHWVKPKPGQGLEWIGYIDPYNDGTKYNEKFKGKATLTSDKSSTTAFMELSSLTSEDSAVYYCTRGFYYGYYFDYWGQGTTLTVSS,
EFQLQQSGPELVKPGASVKMSCKASGYTFSNYVLHWVKQRPGQGLEWIGYIDPYNDGPKYNEKFKGKATLTSDKSSTTAFMDLSSLTSEDSAVYYCTRGFYYGYYFDYWGQGTTLTVSS,
EFQLQQSGPELVKPGASVKMSCKASGYTFTSYVIHWVKQKPGQGLEWIGYINPYNDGTKYNEKFKGKATLTSDKSSSTAYMELSSLTSEDSAVYYCTRGFYYGYYFDYWGQGTTLTVSS,
EFQLQQSGPELVKPGASVKMSCKASGYTFSNYVLHWVIQKPGQGLEWIGYLDPYNDGTKYNEKFKGKATLTSDKSSTTAFMELSTLTSEDSAVYSCARGFYYGYYFDYWGQGTTLTVSS,
EFQLQQSGPELVKPGASVKMSCKASGYTFSNYVLHWVKQKPGQGLEWIGYIDPYNDGTKYNEKFKGKATLTSDKSSTTAFMELSSLTSEDSAVYYCARGFYYGYYFDYWGQGTTLTVSS,
EFQLQQSGPELVKPGASVKMSCKASGYTFTSYVMHWVKQKPGQGLEWIGYINPYNDGTKYNEKFKGKATLTSDKSSSTAYMELSSLTSEDSAVYYCARGFYYGYYFDYWGQGTTLTVSS,
EFQLQQSGPELVKPGASVKMSCKASGYTFASYVIHWVKQKPGLGLEWVGYINPYNDNIKFNEKFKGKATLTSDRSSSTAYMDLSSLTSEDSAVYYCARWFQFGNYVDYWGQGTTLTVSS,
EFQLQQSGPELVKPGASVKMSCKASGYSFASYVLHWMQQKPGQGLEWIGYIDPYNDGTKFNEKFKGKATLTSDKSSSTSYMELSSLTSEDSAVYYCARWFQFGNYVDYWGQGTTLTVSS,
EFQLQQSGPELVKPGASVKMSCKASGYSFASYVLHWMKQKPGQGLEWIGYIDPYNDGTKFNEKFKGKATLTSDKSSSTSYMELSSLTSEDSAVYYCARWFQFGNYVDYWGQGTTLTVSS,
EFQLQQSGPELIKPGASVKMSCKASGYTFASYVMQWVKQKPGQGLEWIGYINPYNDGTKFNEKFKGKATLTSDKSSSTAYMELSSLTSEDSAVYYCARWFQFGNYVDYWGQGTTLTVSS,
EFQLQQSGPELVKPGASVKMSCKASGYTFASYVMHWVKQKPGQGLEWIGYINPYNDGTKFNERFKGKATLTSDKSSSTAYMELSSLTSEDSAVYYCARWFQYGNYVDYWGQGTTLTVSS,
EFQLQQSGPEVEKPGASVKISCKASGYSFTGYNMNWVKQSNGKSLEWIGNIEIKYGGTSYNQKFKGKATLTVDKSSNTAHMQLKSLTSEDSAVYYCARDYGYDGYFDVWGAGTTVTVSS,
EFQLQQSGPEVEKPGASVKISCKASGYSFTGYNMNWVKQSNGKSLEWIGNIEIKYGGTSYNQKFKGKATLTVDKSYSTAYMQLKSLTSEDSAVYYCARDYGYDGYFDVWGAGTTVTVSS,
EFQLQQSGPEVEKPGASVKISCKASGYSFTGYNMNWVKQSSGKSLEWIGNIEIKYGGTSYNQKFKGKATLTVDKSSSTAYMQLKTLTSEDSAVYYCARDYGYDGYFDVWGAGTTVTVSS,
EFQLQQSGPELEKPGASVKISCKASGYSFTGYNMNWVKQSNGKSLEWVGDVAPNYGGTSYNHKFKGKATLTVDKSSRTAYMQLKSLTSEDSAVYYCARNYGYDGYFDVWGAGTTVTVSS,
EFQLQQSGPEVEKPGASVKISCKASGYSFTGYNMNWVKQSNGKSLEWIGNIEIKYGGTSYNQKFKGKATLTVDKSSSTAYMQLKSLTSEDSAVYYCARNYGYDGYFDVWGAGTTVTVSS,
EFQLQQSGPELEKPGASVKISCKASGYSFTGYNMNWVKQSNGKSLEWIGDVAPNYGGTSYNHKFKGKATLTVDKSSRTAYMQLKSLTSEDSAVYYCARNYGYDGYFDVWGAGTTVTVSS,
EFQLQQSGPELEKPGASVRISCKASGYSFTGYNMNWVKQSNGKSLEWIGDIDPKYGGTSYNQKFKDKATLTVDKSSRTAYMQLKSLTSEDSAVYYCARDYGSDGYFDVWGAGTTVTVSS,
